[{"id":10,"name":"Bike","price":2100.0},{"id":1021,"name":"Bike 2","price":2100.0},{"id":1067,"name":"Bike","price":5678.0},{"id":2123,"name":"Bike","price":5678.0},{"id":2156,"name":"Bike","price":56788.0},{"id":10333,"name":"Bike","price":5678.0},{"id":10344,"name":"Bike","price":1900.0},{"id":10454,"name":"Bike","price":1900.0},{"id":10456,"name":"Bike","price":5678.0},{"id":10567,"name":"567","price":134567.89},{"id":21345,"name":"Bike","price":1900.0},{"id":21562,"name":"Bike","price":56788.0},{"id":32456,"name":"Bike","price":1900.0},{"id":53453,"name":"Bike","price":5678.0},{"id":54331,"name":"567","price":110000.67},{"id":54332,"name":"567","price":100000.67},{"id":65789,"name":"Bike","price":1900.0},{"id":67667,"name":"Bike","price":1900.0},{"id":67678,"name":"Bike","price":5678.0},{"id":77654,"name":"Bike","price":1900.0},{"id":78945,"name":"Bike","price":5678.0},{"id":87999,"name":"Bike","price":1900.0},{"id":88765,"name":"Bike","price":1900.0},{"id":98765,"name":"Bike","price":1900.0},{"id":101011,"name":"Bike","price":5678.0},{"id":101233,"name":"Bike","price":5678.0},{"id":102222,"name":"hello","price":1900.0},{"id":102346,"name":"Bike","price":1900.0},{"id":102356,"name":"567","price":678.0},{"id":103333,"name":"Plate","price":1900.0},{"id":103434,"name":"Bike","price":1900.0},{"id":104544,"name":"Bike","price":1900.0},{"id":104545,"name":"Bike","price":1900.0},{"id":104646,"name":"Bike 2","price":2100.0},{"id":105678,"name":"Bike","price":1900.0},{"id":106666,"name":"hello","price":1900.0},{"id":106789,"name":"Bike","price":1900.0},{"id":109800,"name":"Bike","price":5678.0},{"id":113156,"name":"567","price":2456.98},{"id":212134,"name":"Bike","price":5678.0},{"id":212344,"name":"Bike","price":1900.0},{"id":213121,"name":"Bike","price":1200.6},{"id":213567,"name":"Bike","price":5678.0},{"id":214545,"name":"Bike","price":1900.0},{"id":215690,"name":"567","price":1234.89},{"id":217689,"name":"Bike","price":5678.0},{"id":218900,"name":"Bike","price":5678.0},{"id":234567,"name":"Bike","price":1900.0},{"id":334323,"name":"Bike 2","price":2100.0},{"id":555567,"name":"Bike","price":5678.0},{"id":675889,"name":"Bike","price":1900.0},{"id":676767,"name":"Bike 2","price":5678.0},{"id":678907,"name":"Bike","price":5678.0},{"id":679999,"name":"Bike","price":5678.0},{"id":768934,"name":"Bike","price":1900.0},{"id":789008,"name":"Bike","price":5678.0},{"id":1045454,"name":"Bike","price":1900.0},{"id":1045669,"name":"Bike","price":1900.0},{"id":1056781,"name":"Bike 2","price":5678.0},{"id":1056782,"name":"Bike 2","price":5678.0},{"id":1056783,"name":"Bike 2","price":5678.0},{"id":1056785,"name":"Bike 2","price":5678.0},{"id":1056789,"name":"Bike 2","price":5678.0},{"id":1111456,"name":"Bike","price":5678.0},{"id":2167892,"name":"Bike","price":5678.0},{"id":3223455,"name":"567","price":90878.56},{"id":3343235,"name":"Bike 2","price":2100.0},{"id":3343236,"name":"Bike 2","price":2100.0},{"id":3343238,"name":"Bike 2","price":2100.0},{"id":6734556,"name":"Bike","price":5678.0},{"id":9998865,"name":"Bike","price":5678.0}]